<?xml version="1.0" encoding="UTF-8"?>
<project-private xmlns="http://www.netbeans.org/ns/project-private/1">
    <editor-bookmarks xmlns="http://www.netbeans.org/ns/editor-bookmarks/2" lastBookmarkId="0"/>
    <open-files xmlns="http://www.netbeans.org/ns/projectui-open-files/2">
        <group>
            <file>file:/C:/Users/Usuario/Desktop/OlimpiadasV2/src/Vista/frames/sportcomplex/SportComplexDetailsPanel.java</file>
            <file>file:/C:/Users/Usuario/Desktop/OlimpiadasV2/src/Vista/frames/equipment/ListEquipmentFrame.java</file>
            <file>file:/C:/Users/Usuario/Desktop/OlimpiadasV2/src/Vista/frames/equipment/EquipmentTableModel.java</file>
            <file>file:/C:/Users/Usuario/Desktop/OlimpiadasV2/src/Vista/frames/commissioner/ListCommissionerFrame.java</file>
        </group>
    </open-files>
</project-private>
